"program","omitted_cohort","k","pooled_rho","ci_low","ci_high","tau2","i2"
"general_inflammation","none",7,0.232532304648195,0.0177283447556311,0.426818112763183,0,0
"general_inflammation","GSE206848",6,0.244290099492928,0.0244991135379755,0.441553460357332,0,0
"general_inflammation","GSE55235",6,0.270877245106526,0.0483718606633138,0.467769250792928,0,0
"general_inflammation","GSE55457",6,0.246804568317849,0.0226027413737412,0.447370432649272,0,0
"general_inflammation","GSE55584",6,0.221684548922361,0.00206429571956244,0.420903677417054,0,0
"general_inflammation","GSE82107",6,0.233325473409778,0.00830269658726161,0.435856583545572,0,0
"general_inflammation","GSE89408",6,0.220202631588072,-0.0270766079730862,0.442086625977545,0,0
"general_inflammation","GSE283079",6,0.162442053904399,-0.121399741409138,0.421725796709209,0,0
"mhc_ii_apc_primary","none",7,0.308807046785447,-0.004584311528263,0.566963640219916,0.0749564711337268,42.7304694103479
"mhc_ii_apc_primary","GSE206848",6,0.353773725379263,0.0257031826625553,0.613049669707783,0.0801508433726395,46.7957768408046
"mhc_ii_apc_primary","GSE55235",6,0.191790833043587,-0.0351903807589686,0.399955856315746,0,0
"mhc_ii_apc_primary","GSE55457",6,0.340642965287271,-0.0187178889001891,0.622060687497114,0.100633928613649,50.8735778738697
"mhc_ii_apc_primary","GSE55584",6,0.313989457098992,-0.0339703873004356,0.594057784046227,0.0976726920427513,52.2661395378239
"mhc_ii_apc_primary","GSE82107",6,0.335905088261721,-0.0260299880988181,0.619981539613596,0.102598553627821,51.3566929795818
"mhc_ii_apc_primary","GSE89408",6,0.265301249438497,-0.123143956526611,0.583251905208732,0.105366264795003,45.9412525253193
"mhc_ii_apc_primary","GSE283079",6,0.375709012808715,0.00231341199525128,0.657157822916801,0.0924923995831118,39.7462566208209
"mhc_ii_apc_generic","none",7,0.265682257556284,-0.018225605423492,0.509942742608498,0.0449589382491823,30.9167441413022
"mhc_ii_apc_generic","GSE206848",6,0.301287939890395,-0.00102108090704121,0.553138487486244,0.052692723568275,36.6380119763441
"mhc_ii_apc_generic","GSE55235",6,0.172581077492778,-0.0550192690252136,0.38313290072833,0,0
"mhc_ii_apc_generic","GSE55457",6,0.308119336274321,-0.00695271531645211,0.567539067495564,0.0574478274110313,37.1528382788164
"mhc_ii_apc_generic","GSE55584",6,0.267827195172389,-0.050263967674865,0.536586629397598,0.0657408560131314,42.4288334200457
"mhc_ii_apc_generic","GSE82107",6,0.289455856634323,-0.0405164728053174,0.562500234720212,0.0682531228827864,41.2577658214178
"mhc_ii_apc_generic","GSE89408",6,0.200822371931335,-0.131662973776299,0.492693044125039,0.049712649378503,28.6204276340547
"mhc_ii_apc_generic","GSE283079",6,0.335459721149911,-0.00651541442366843,0.607185333549431,0.0544870902566701,27.9848803657312
"t_cell_context","none",7,-0.290208081078402,-0.476099353818007,-0.0794907386482806,0,0
"t_cell_context","GSE206848",6,-0.314899671432302,-0.501121498777644,-0.100804220270808,0,0
"t_cell_context","GSE55235",6,-0.248067311951162,-0.448445673682893,-0.0239471092993464,0,0
"t_cell_context","GSE55457",6,-0.274638469183654,-0.4709376197617,-0.0524250789930437,0,0
"t_cell_context","GSE55584",6,-0.301844938375964,-0.489126108725791,-0.0879576276564738,0,0
"t_cell_context","GSE82107",6,-0.279842235672839,-0.4753128190549,-0.0580449262189505,0,0
"t_cell_context","GSE89408",6,-0.361238318233646,-0.557543571311317,-0.126672915603301,0,0
"t_cell_context","GSE283079",6,-0.240330353303533,-0.486160451402983,0.0407481211421707,0,0
"b_cell_context","none",7,0.0210499365586966,-0.215893533973717,0.255652144607523,0.0106836416194453,9.61242479859427
"b_cell_context","GSE206848",6,0.00742673463939175,-0.254475359601856,0.268313881536306,0.0218371403929019,19.3310207207622
"b_cell_context","GSE55235",6,-0.034590092979835,-0.258037290139418,0.192369677953046,0,0
"b_cell_context","GSE55457",6,0.062403796217334,-0.16538260347401,0.283869430296815,0,0
"b_cell_context","GSE55584",6,0.0319895786291657,-0.240280487269438,0.299593316737999,0.0292051483982869,24.6648201590537
"b_cell_context","GSE82107",6,0.0284328947180446,-0.255097493941791,0.307460826069281,0.0313567205507254,24.3955542194967
"b_cell_context","GSE89408",6,-0.0738937071862879,-0.314003733599038,0.175100446336189,0,0
"b_cell_context","GSE283079",6,0.143018925988557,-0.140944598978557,0.405239051927757,0,0
"myeloid_context","none",7,0.536840322576853,0.193707714213867,0.762945417921337,0.168230659845821,62.6111760402772
"myeloid_context","GSE206848",6,0.523180786303992,0.130515761074377,0.77397014662909,0.198554859431115,68.54236313909
"myeloid_context","GSE55235",6,0.467759264271699,0.0812632885355868,0.731967911760401,0.157989938640669,61.9160985172167
"myeloid_context","GSE55457",6,0.584370530335825,0.214295193411014,0.807735578322464,0.189998092115733,66.1608669327321
"myeloid_context","GSE55584",6,0.53047270783891,0.146095156640251,0.775689900012786,0.196283079526332,68.7540013959487
"myeloid_context","GSE82107",6,0.603491805783899,0.264292604312498,0.809826395753424,0.160575350279783,62.2981017766037
"myeloid_context","GSE89408",6,0.410739155484002,0.0915355101704499,0.653399330794136,0.0567943995509875,31.4166302093473
"myeloid_context","GSE283079",6,0.595034466522689,0.221336272103104,0.816353880164831,0.175429980063193,55.5782933016705
"interferon_state","none",7,0.213635164040503,-0.0874563177406011,0.478960823160913,0.0570537458525809,36.221337274144
"interferon_state","GSE206848",6,0.198570460709082,-0.141718776342417,0.496889170222934,0.0800413453852193,46.7617416224429
"interferon_state","GSE55235",6,0.219317186929543,-0.127072646859429,0.51802799023409,0.078953380498364,44.8264517450754
"interferon_state","GSE55457",6,0.283111637167815,-0.0157923426800142,0.535565622135166,0.0433544494526944,30.8501675411014
"interferon_state","GSE55584",6,0.246816724984467,-0.0639869972557708,0.513973515189735,0.0583335054602857,39.538362953901
"interferon_state","GSE82107",6,0.246158937894339,-0.085001576077533,0.52834529775325,0.0665699406569723,40.6539476885636
"interferon_state","GSE89408",6,0.117000015454506,-0.132628007261398,0.352670750408021,0,0
"interferon_state","GSE283079",6,0.154489239975736,-0.258089377929769,0.51941097317347,0.123593865848175,46.8498132131358
"fibroblast_ecm","none",7,0.01557523143819,-0.250449346163568,0.279412911412547,0.0304372044112038,23.2526747808928
"fibroblast_ecm","GSE206848",6,-0.0174023392648786,-0.297437078157059,0.265389470346094,0.0358814252073078,28.2511946524704
"fibroblast_ecm","GSE55235",6,0.0178391772556076,-0.295126421947423,0.327347674199059,0.0547543890131152,36.0386905439846
"fibroblast_ecm","GSE55457",6,-0.0432864530127562,-0.300725579830635,0.220032343364289,0.0179799714694615,15.6133308456579
"fibroblast_ecm","GSE55584",6,0.0554863833830117,-0.166261396923529,0.27189240604575,0,0
"fibroblast_ecm","GSE82107",6,-0.00905465777255645,-0.312041277036274,0.295603722617375,0.048420436062905,33.2561857557005
"fibroblast_ecm","GSE89408",6,0.0755288248335723,-0.251066931742445,0.38668565250852,0.0467331714436551,27.3746584875342
"fibroblast_ecm","GSE283079",6,0.0170529226248699,-0.347676118572063,0.377299412891779,0.0786967931659104,35.9491213130207
"osteoclast_context","none",7,-0.0133626357364686,-0.228397477996949,0.202915348778565,0,0
"osteoclast_context","GSE206848",6,-0.0482209993633952,-0.266493878387484,0.174756648994794,0,0
"osteoclast_context","GSE55235",6,-0.00237407339989737,-0.227711732938411,0.223204942673841,0,0
"osteoclast_context","GSE55457",6,0.00845676840229729,-0.217417316265325,0.23347116242761,0,0
"osteoclast_context","GSE55584",6,-0.00598534191592229,-0.225409707057708,0.214016914990592,0,0
"osteoclast_context","GSE82107",6,-0.0257302985366061,-0.249741059297555,0.20089466376191,0,0
"osteoclast_context","GSE89408",6,0.0151291203996451,-0.231545599798288,0.259975899774412,0,0
"osteoclast_context","GSE283079",6,-0.0377310390577267,-0.312798428605364,0.243175484019279,0,0
