"","SRR31542966","SRR31542965","SRR31542964","SRR31542963","SRR31542962","SRR31542961","SRR31542960","SRR31542959","SRR31542958","SRR31542957","SRR31542956","SRR31542955","SRR31542954","SRR31542953","SRR31542952","SRR31542951","SRR31542950","SRR31542949","SRR31542948","SRR31542947","SRR31542946","SRR31542945","SRR31542944","SRR31542943","SRR31542942","SRR31542941","SRR31542940","SRR31542939","SRR31542938","SRR31542937","SRR31542936","SRR31542935","SRR31542934","SRR31542933","SRR31542932","SRR31542931","SRR31542930","SRR31542929","SRR31542928","SRR31542927","SRR31542926"
"SRR31542966",1,0.86320579495845,0.869043509009002,0.870235969103326,0.874131442868365,0.862662552165614,0.855114430436988,0.858413273152035,0.863930056127783,0.857074526464044,0.845692918213818,0.874603040867235,0.844158542085232,0.86415963469612,0.852766410811327,0.848105015494774,0.827537374774559,0.865987442142956,0.868438542767202,0.862131567196546,0.868888156767696,0.857097350979045,0.79914870294781,0.849209342774936,0.850920880548723,0.860174426787476,0.857590575848037,0.857576853254463,0.864667260100833,0.8659056253539,0.86246327941844,0.871754627602882,0.860722363290065,0.865484092538975,0.863592742532905,0.867827052173239,0.867254777836138,0.856637340670881,0.86389584070647,0.865619333329242,0.857354785118247
"SRR31542965",0.86320579495845,1,0.878490824056861,0.876353627005519,0.87747357508238,0.880804714176659,0.865788200558203,0.870079820982177,0.871439871787726,0.860467340626966,0.864238631165124,0.879412270750186,0.856035276860035,0.864337222385815,0.866474746159305,0.858467123039979,0.841815748288497,0.871827988113248,0.866927210002449,0.854890630924052,0.87045652824385,0.859306804677962,0.79805060448551,0.854550270881536,0.861096804138618,0.863061198792762,0.862165181482129,0.862803223141463,0.86298520083579,0.866198110988281,0.868655305543721,0.867116303667229,0.863188573637208,0.866305170129558,0.859614584964521,0.872276070096531,0.864219461327423,0.868857433359517,0.870539583941831,0.868031880287338,0.860973305145347
"SRR31542964",0.869043509009002,0.878490824056861,1,0.883691247912107,0.880683415056861,0.883569240540423,0.868308423095666,0.876645536541454,0.874721759896443,0.867929153143548,0.863692967543487,0.884048432878705,0.860508193076617,0.869460488027355,0.871142541173532,0.860046871885457,0.844836520129059,0.876681977653504,0.869677517690227,0.865188095612506,0.874172094277241,0.866261194731932,0.809615079992236,0.864063664802698,0.864123722771335,0.872268242057526,0.869730041403999,0.869401326709631,0.872161316044381,0.874034985710276,0.875474051179092,0.869631205193133,0.86696152970177,0.874124873874093,0.867510506979313,0.879528776414375,0.87729250123792,0.878160949912433,0.878895059323835,0.87380725664101,0.872151191816696
"SRR31542963",0.870235969103326,0.876353627005519,0.883691247912107,1,0.885344706491372,0.880135013959076,0.862979896224736,0.872927369038687,0.876175664741756,0.874199650429338,0.863765297510331,0.885893861179683,0.853364571866974,0.873359779581971,0.870476010196796,0.860263821813323,0.838464485632543,0.877994212749062,0.876267486719802,0.871154349220442,0.877648900315182,0.871795016243717,0.801434441626349,0.859646684209423,0.864095626395125,0.873668520642011,0.870778059566822,0.868941908589184,0.878312284929735,0.878164909918449,0.877486588250533,0.87487027679557,0.868864663703612,0.875053605532648,0.868499966735412,0.881065348257711,0.878623086664251,0.872872130706917,0.87761487210252,0.874816535721046,0.869323228952911
"SRR31542962",0.874131442868365,0.87747357508238,0.880683415056861,0.885344706491372,1,0.880301441136063,0.860553455503117,0.872037817718115,0.878019415803571,0.873399705514099,0.864912068582102,0.883545449148095,0.850054843447927,0.878575883069012,0.874035815482445,0.864735631562524,0.840621900109368,0.879739703806185,0.87926310537995,0.87041929250018,0.885649849926669,0.874479024829611,0.801275581102577,0.862865475309914,0.866563943591671,0.874135135293988,0.874046394338278,0.870175269867591,0.878696300985021,0.879985525174683,0.879724852547319,0.879269362141155,0.873735374548457,0.881006743241908,0.873334138962872,0.883695128114175,0.879187637491136,0.872442863833196,0.877359888339014,0.87918171790168,0.871932079251993
"SRR31542961",0.862662552165614,0.880804714176659,0.883569240540423,0.880135013959076,0.880301441136063,1,0.863975747035707,0.873907699369342,0.872351233472197,0.865496648359411,0.873233052178682,0.882570821505305,0.859250248245999,0.86982462738095,0.877438973969246,0.86549820508457,0.85503929154797,0.876939717945022,0.870970831455119,0.860431856974588,0.874947116112809,0.865290830350212,0.807827781671853,0.863437553635735,0.87410411346398,0.869553992275405,0.871260485256212,0.871208062735062,0.870883217053033,0.870423810717286,0.877550044483242,0.866716506775642,0.868431324038627,0.873271649958809,0.862323006635151,0.876832658390383,0.871918200951362,0.87668017509139,0.877267373672398,0.876173570867685,0.870020812867432
"SRR31542960",0.855114430436988,0.865788200558203,0.868308423095666,0.862979896224736,0.860553455503117,0.863975747035707,1,0.867449645033638,0.861295398398783,0.852023297989029,0.84945173691753,0.865734937701969,0.85590891298698,0.848992531079981,0.853906313539892,0.845693845286623,0.835001857251496,0.860096460826916,0.853363312221338,0.844854078564444,0.85403693076381,0.843378148127573,0.811031032340443,0.843623699120519,0.847017060287503,0.851225254395185,0.849827418996496,0.851412191620742,0.850951209010828,0.851318137643245,0.85487441027127,0.853450061823466,0.844621350139844,0.854397320546011,0.843755404365885,0.861735065509686,0.850812604149079,0.857258545392575,0.855411385429654,0.854996201375569,0.848474993375595
"SRR31542959",0.858413273152035,0.870079820982177,0.876645536541454,0.872927369038687,0.872037817718115,0.873907699369342,0.867449645033638,1,0.866601916032803,0.865406658441187,0.862599001821532,0.8726347530361,0.851463379727016,0.860553635643466,0.868800225241283,0.857297094992732,0.842661027060762,0.864391172554306,0.859662518094547,0.856313244520883,0.863586029953275,0.85979521483968,0.808939472318496,0.857025063969183,0.856421285022078,0.863008740559619,0.863454817626179,0.858630483864118,0.861330274223071,0.86321833149284,0.865515521972236,0.85897661929152,0.856494393860432,0.865732990185109,0.858787265917066,0.871480541898018,0.86588089596784,0.871982396132744,0.866126219745294,0.869285242861462,0.864268255018709
"SRR31542958",0.863930056127783,0.871439871787726,0.874721759896443,0.876175664741756,0.878019415803571,0.872351233472197,0.861295398398783,0.866601916032803,1,0.876567600116834,0.86719990181493,0.877083894274238,0.851498060478831,0.866231772180608,0.866788943225529,0.85507939018386,0.851421871354077,0.871903473282257,0.868217749450431,0.85693666439763,0.874860018661861,0.866300459655285,0.80683126895191,0.862023586180837,0.862349337683185,0.86950294279122,0.867943723168736,0.86957924339145,0.865514453552934,0.867523070592568,0.867877986197326,0.868202093779502,0.863384235645792,0.864967187316416,0.856577779906575,0.870637907600347,0.86805911356252,0.86832293398491,0.869755475644452,0.865936406409333,0.860955763221719
"SRR31542957",0.857074526464044,0.860467340626966,0.867929153143548,0.874199650429338,0.873399705514099,0.865496648359411,0.852023297989029,0.865406658441187,0.876567600116834,1,0.863540063029563,0.869247262504363,0.839452489529788,0.866671335460721,0.866346789546022,0.858684073364053,0.847724977471306,0.872570975736836,0.868551386263032,0.866631792006619,0.868571735066094,0.872940508820549,0.812065945584105,0.870134565082497,0.861324668138924,0.874760030023022,0.87030038584806,0.869075501800953,0.871393072981594,0.871947222763553,0.869989278295924,0.863537168950081,0.863284935467207,0.868486516649599,0.86441075709265,0.872835247399591,0.87750597221088,0.869339998538397,0.874697100547187,0.865245363160091,0.865965010819369
"SRR31542956",0.845692918213818,0.864238631165124,0.863692967543487,0.863765297510331,0.864912068582102,0.873233052178682,0.84945173691753,0.862599001821532,0.86719990181493,0.863540063029563,1,0.865028139795434,0.834985305987089,0.861740556287107,0.873293620676252,0.858283309329132,0.856536443264825,0.863906421607443,0.86241946630484,0.850981577977752,0.866702098071992,0.862640036986759,0.80557172732158,0.864924627267434,0.869374276749396,0.866482698664584,0.86684176433592,0.867117193232002,0.86150015890325,0.862737845459581,0.866988009082061,0.855261525028157,0.860758559822315,0.862461612753672,0.851820866339988,0.862967197651716,0.863850269776651,0.872928973145971,0.86878531246104,0.867312097353791,0.861282398833297
"SRR31542955",0.874603040867235,0.879412270750186,0.884048432878705,0.885893861179683,0.883545449148095,0.882570821505305,0.865734937701969,0.8726347530361,0.877083894274238,0.869247262504363,0.865028139795434,1,0.853516565519256,0.871904403434015,0.86928051853762,0.858378339418038,0.837611516185558,0.87621876571366,0.877851726305167,0.865115297809494,0.883308257498325,0.868885664519695,0.793986514815127,0.859019739382854,0.865569993728559,0.871183663368292,0.869407222012365,0.869952245918084,0.87447378474006,0.876454335615397,0.875137541070355,0.877195940618903,0.869450770666663,0.875103009260507,0.864784175858921,0.880171913699844,0.876009457552063,0.87390688969859,0.877442869790872,0.874374274645161,0.867982206812124
"SRR31542954",0.844158542085232,0.856035276860035,0.860508193076617,0.853364571866974,0.850054843447927,0.859250248245999,0.85590891298698,0.851463379727016,0.851498060478831,0.839452489529788,0.834985305987089,0.853516565519256,1,0.838387492938775,0.845292696824146,0.837806606620149,0.843169462338038,0.858828131751109,0.842036122815457,0.831336223891172,0.843030523793028,0.828985299873675,0.81298866075221,0.838635499295278,0.84376821670883,0.840562573994786,0.843456951820096,0.843185564113088,0.835289449979912,0.836120065603681,0.844327564679521,0.839349728118477,0.833378654248819,0.844305670679987,0.831990590588296,0.851040995928658,0.840024318009392,0.850234070080596,0.850619433804832,0.842736581693321,0.842798762251724
"SRR31542953",0.86415963469612,0.864337222385815,0.869460488027355,0.873359779581971,0.878575883069012,0.86982462738095,0.848992531079981,0.860553635643466,0.866231772180608,0.866671335460721,0.861740556287107,0.871904403434015,0.838387492938775,1,0.870031184678849,0.870769526844122,0.837941263563473,0.870151350759963,0.87434324318688,0.873484060108447,0.876951390026135,0.870678107157825,0.802192640651675,0.863497027376804,0.862707196331588,0.872243177471499,0.87002530015677,0.86711300031234,0.878258265430047,0.875100162689789,0.87715775769066,0.873385251828673,0.879006450093218,0.875401293025089,0.871262806249113,0.875049069413988,0.873874810174636,0.865172276404545,0.871396019839127,0.874415007557315,0.869314114923486
"SRR31542952",0.852766410811327,0.866474746159305,0.871142541173532,0.870476010196796,0.874035815482445,0.877438973969246,0.853906313539892,0.868800225241283,0.866788943225529,0.866346789546022,0.873293620676252,0.86928051853762,0.845292696824146,0.870031184678849,1,0.863233586305435,0.854838134959928,0.872199777181957,0.868434417600615,0.861125989764742,0.872848988466989,0.866921718324597,0.812123316411901,0.868976003754588,0.872931837653141,0.869203180318632,0.871841920209303,0.869634026502416,0.870497141334608,0.870238340648136,0.87928124091814,0.862024277364428,0.867437341366532,0.872459520149515,0.864801479655944,0.872222256197076,0.869937861201448,0.875682959067536,0.871277426215039,0.874414638765199,0.87328639793289
"SRR31542951",0.848105015494774,0.858467123039979,0.860046871885457,0.860263821813323,0.864735631562524,0.86549820508457,0.845693845286623,0.857297094992732,0.85507939018386,0.858684073364053,0.858283309329132,0.858378339418038,0.837806606620149,0.870769526844122,0.863233586305435,1,0.84430134180203,0.867410487903256,0.860957861935107,0.861003692690734,0.859285304234347,0.862452711269076,0.803961618488939,0.862230742642802,0.858863129642129,0.863572734253524,0.862810890279976,0.861414382531516,0.86419279619262,0.861186436021062,0.865087150238455,0.855944605603611,0.870979657157927,0.864051042250658,0.863634644761203,0.863211788976033,0.86346127395482,0.865091921191295,0.865087457511209,0.864348271290011,0.864268834548956
"SRR31542950",0.827537374774559,0.841815748288497,0.844836520129059,0.838464485632543,0.840621900109368,0.85503929154797,0.835001857251496,0.842661027060762,0.851421871354077,0.847724977471306,0.856536443264825,0.837611516185558,0.843169462338038,0.837941263563473,0.854838134959928,0.84430134180203,1,0.849216007530097,0.837207397772362,0.829885180835552,0.836946795723016,0.833652262153896,0.825683025347827,0.852839561530061,0.855098105732959,0.843067670133307,0.848951872428071,0.849014062393672,0.833678736045921,0.833623877299414,0.846683416115154,0.828644699328563,0.837142175158661,0.842577763189327,0.830174746241601,0.842027356443281,0.838508201836909,0.850583287005602,0.847244049507783,0.841646663402888,0.843315540530843
"SRR31542949",0.865987442142956,0.871827988113248,0.876681977653504,0.877994212749062,0.879739703806185,0.876939717945022,0.860096460826916,0.864391172554306,0.871903473282257,0.872570975736836,0.863906421607443,0.87621876571366,0.858828131751109,0.870151350759963,0.872199777181957,0.867410487903256,0.849216007530097,1,0.876377896139226,0.868273339659481,0.874413386500467,0.872391496333048,0.815271609488038,0.869920275536303,0.869160479970742,0.87806915853162,0.875845757041517,0.87570324570512,0.876564803910475,0.874320893540603,0.876732698345592,0.870367092967582,0.871877997495235,0.87545746827618,0.868960434635248,0.876907160482304,0.876396992343602,0.87624536615379,0.879633964768378,0.872091396217645,0.871530650224729
"SRR31542948",0.868438542767202,0.866927210002449,0.869677517690227,0.876267486719802,0.87926310537995,0.870970831455119,0.853363312221338,0.859662518094547,0.868217749450431,0.868551386263032,0.86241946630484,0.877851726305167,0.842036122815457,0.87434324318688,0.868434417600615,0.860957861935107,0.837207397772362,0.876377896139226,1,0.873438677070974,0.881782361906733,0.879882627557385,0.801395613465542,0.86512282230365,0.871183204022637,0.877537003922524,0.872692782585229,0.874539679257988,0.881733141716261,0.878398798946787,0.876416126850501,0.877950513174508,0.874312157288282,0.876442521757267,0.871408676183758,0.875189081404402,0.876408706358444,0.868307050228693,0.87462971593059,0.872027432057548,0.866570137917639
"SRR31542947",0.862131567196546,0.854890630924052,0.865188095612506,0.871154349220442,0.87041929250018,0.860431856974588,0.844854078564444,0.856313244520883,0.85693666439763,0.866631792006619,0.850981577977752,0.865115297809494,0.831336223891172,0.873484060108447,0.861125989764742,0.861003692690734,0.829885180835552,0.868273339659481,0.873438677070974,1,0.867269111537481,0.875418318132671,0.798737293060969,0.86541860294731,0.856822096698511,0.872261678495587,0.866119923284087,0.864874947587115,0.882653469008404,0.8775899947857,0.872101727987788,0.866841137934389,0.870591959655881,0.873677146008659,0.877831126488382,0.874072067654622,0.876833520029815,0.862186808700228,0.871622073207549,0.869274683907983,0.870775826778845
"SRR31542946",0.868888156767696,0.87045652824385,0.874172094277241,0.877648900315182,0.885649849926669,0.874947116112809,0.85403693076381,0.863586029953275,0.874860018661861,0.868571735066094,0.866702098071992,0.883308257498325,0.843030523793028,0.876951390026135,0.872848988466989,0.859285304234347,0.836946795723016,0.874413386500467,0.881782361906733,0.867269111537481,1,0.877981564038856,0.79489013782086,0.864051797844173,0.870322309009707,0.875149592368113,0.876129918014146,0.871567530836561,0.879507574163315,0.881528141531658,0.882157831804479,0.883551291129916,0.87641011290747,0.877087838361557,0.869534551085103,0.876747547595425,0.875923848383925,0.867230032546272,0.872331526095167,0.876162994468684,0.868737039304988
"SRR31542945",0.857097350979045,0.859306804677962,0.866261194731932,0.871795016243717,0.874479024829611,0.865290830350212,0.843378148127573,0.85979521483968,0.866300459655285,0.872940508820549,0.862640036986759,0.868885664519695,0.828985299873675,0.870678107157825,0.866921718324597,0.862452711269076,0.833652262153896,0.872391496333048,0.879882627557385,0.875418318132671,0.877981564038856,1,0.802530462052824,0.870044684420741,0.866844987337956,0.882844121302137,0.876302940667563,0.874885826680538,0.883568874666456,0.880919734419366,0.878083413034438,0.875405881506909,0.87706154120883,0.876501801497115,0.873051560626648,0.874367714276076,0.879206449675822,0.868371399933158,0.874779480324366,0.872816168016943,0.870302310227437
"SRR31542944",0.79914870294781,0.79805060448551,0.809615079992236,0.801434441626349,0.801275581102577,0.807827781671853,0.811031032340443,0.808939472318496,0.80683126895191,0.812065945584105,0.80557172732158,0.793986514815127,0.81298866075221,0.802192640651675,0.812123316411901,0.803961618488939,0.825683025347827,0.815271609488038,0.801395613465542,0.798737293060969,0.79489013782086,0.802530462052824,1,0.817175969370696,0.813718840740075,0.811078055120533,0.812644492927594,0.811357358905383,0.799180172507201,0.800009494753351,0.808743145614004,0.797091592141413,0.798590249101817,0.807896728141861,0.801759049335543,0.808643853489742,0.806745288564543,0.812690604386132,0.811073725365384,0.804085921642867,0.812214312518204
"SRR31542943",0.849209342774936,0.854550270881536,0.864063664802698,0.859646684209423,0.862865475309914,0.863437553635735,0.843623699120519,0.857025063969183,0.862023586180837,0.870134565082497,0.864924627267434,0.859019739382854,0.838635499295278,0.863497027376804,0.868976003754588,0.862230742642802,0.852839561530061,0.869920275536303,0.86512282230365,0.86541860294731,0.864051797844173,0.870044684420741,0.817175969370696,1,0.868185093651328,0.873739028798626,0.875535316698237,0.871643865711094,0.868127953356972,0.867559755327806,0.871975363304694,0.857718994687417,0.867022928919056,0.869818371062819,0.866386424591555,0.866980403231283,0.86998224865334,0.872213584661511,0.87371976970649,0.866691712867006,0.871158991132723
"SRR31542942",0.850920880548723,0.861096804138618,0.864123722771335,0.864095626395125,0.866563943591671,0.87410411346398,0.847017060287503,0.856421285022078,0.862349337683185,0.861324668138924,0.869374276749396,0.865569993728559,0.84376821670883,0.862707196331588,0.872931837653141,0.858863129642129,0.855098105732959,0.869160479970742,0.871183204022637,0.856822096698511,0.870322309009707,0.866844987337956,0.813718840740075,0.868185093651328,1,0.873015763385692,0.873166919903629,0.873899503468888,0.870067075672423,0.86672906487375,0.875077766368308,0.863504539750085,0.868070352421044,0.871377778297229,0.858394645677182,0.867032260259911,0.867631857562634,0.870159030712596,0.871352937226298,0.868649787009024,0.866673657395639
"SRR31542941",0.860174426787476,0.863061198792762,0.872268242057526,0.873668520642011,0.874135135293988,0.869553992275405,0.851225254395185,0.863008740559619,0.86950294279122,0.874760030023022,0.866482698664584,0.871183663368292,0.840562573994786,0.872243177471499,0.869203180318632,0.863572734253524,0.843067670133307,0.87806915853162,0.877537003922524,0.872261678495587,0.875149592368113,0.882844121302137,0.811078055120533,0.873739028798626,0.873015763385692,1,0.880496299408509,0.881367989233197,0.88095945009027,0.880210591656671,0.879643540408061,0.875379155033372,0.874487620769287,0.87612305170575,0.87139032473208,0.877170957970277,0.879561126095253,0.875479321128778,0.881942003021583,0.871730311330009,0.872229441324995
"SRR31542940",0.857590575848037,0.862165181482129,0.869730041403999,0.870778059566822,0.874046394338278,0.871260485256212,0.849827418996496,0.863454817626179,0.867943723168736,0.87030038584806,0.86684176433592,0.869407222012365,0.843456951820096,0.87002530015677,0.871841920209303,0.862810890279976,0.848951872428071,0.875845757041517,0.872692782585229,0.866119923284087,0.876129918014146,0.876302940667563,0.812644492927594,0.875535316698237,0.873166919903629,0.880496299408509,1,0.877655010164477,0.875653014895252,0.877294473940382,0.88029808391675,0.869802082097162,0.873976698977954,0.876282872219131,0.872135394885155,0.87524675872537,0.875045846379898,0.87740158215646,0.876975882112703,0.875852008705303,0.875950152281142
"SRR31542939",0.857576853254463,0.862803223141463,0.869401326709631,0.868941908589184,0.870175269867591,0.871208062735062,0.851412191620742,0.858630483864118,0.86957924339145,0.869075501800953,0.867117193232002,0.869952245918084,0.843185564113088,0.86711300031234,0.869634026502416,0.861414382531516,0.849014062393672,0.87570324570512,0.874539679257988,0.864874947587115,0.871567530836561,0.874885826680538,0.811357358905383,0.871643865711094,0.873899503468888,0.881367989233197,0.877655010164477,1,0.877000470168754,0.876290223182111,0.876967379217994,0.871166476757458,0.871982734247124,0.872723439937685,0.866396955604665,0.871446180358205,0.873264343748148,0.871773413162921,0.876674918886978,0.868482840280574,0.867356893350489
"SRR31542938",0.864667260100833,0.86298520083579,0.872161316044381,0.878312284929735,0.878696300985021,0.870883217053033,0.850951209010828,0.861330274223071,0.865514453552934,0.871393072981594,0.86150015890325,0.87447378474006,0.835289449979912,0.878258265430047,0.870497141334608,0.86419279619262,0.833678736045921,0.876564803910475,0.881733141716261,0.882653469008404,0.879507574163315,0.883568874666456,0.799180172507201,0.868127953356972,0.870067075672423,0.88095945009027,0.875653014895252,0.877000470168754,1,0.885617709455809,0.883917522463639,0.879407437447441,0.881233275569088,0.880975319282788,0.879667951855068,0.880775799946957,0.880420164407491,0.868966177337587,0.8762532066846,0.877172055942552,0.875448704802837
"SRR31542937",0.8659056253539,0.866198110988281,0.874034985710276,0.878164909918449,0.879985525174683,0.870423810717286,0.851318137643245,0.86321833149284,0.867523070592568,0.871947222763553,0.862737845459581,0.876454335615397,0.836120065603681,0.875100162689789,0.870238340648136,0.861186436021062,0.833623877299414,0.874320893540603,0.878398798946787,0.8775899947857,0.881528141531658,0.880919734419366,0.800009494753351,0.867559755327806,0.86672906487375,0.880210591656671,0.877294473940382,0.876290223182111,0.885617709455809,1,0.882716756457638,0.880052834340879,0.878166673925023,0.879158636457652,0.875916034050733,0.88059539848388,0.881565858027043,0.872418442512524,0.878377725273057,0.879135044484828,0.874141634446293
"SRR31542936",0.86246327941844,0.868655305543721,0.875474051179092,0.877486588250533,0.879724852547319,0.877550044483242,0.85487441027127,0.865515521972236,0.867877986197326,0.869989278295924,0.866988009082061,0.875137541070355,0.844327564679521,0.87715775769066,0.87928124091814,0.865087150238455,0.846683416115154,0.876732698345592,0.876416126850501,0.872101727987788,0.882157831804479,0.878083413034438,0.808743145614004,0.871975363304694,0.875077766368308,0.879643540408061,0.88029808391675,0.876967379217994,0.883917522463639,0.882716756457638,1,0.875934333067796,0.879124122253177,0.882788282238933,0.873969304921698,0.882458484346816,0.877566360906373,0.873771450646275,0.878553781043467,0.880053045134911,0.87991706950631
"SRR31542935",0.871754627602882,0.867116303667229,0.869631205193133,0.87487027679557,0.879269362141155,0.866716506775642,0.853450061823466,0.85897661929152,0.868202093779502,0.863537168950081,0.855261525028157,0.877195940618903,0.839349728118477,0.873385251828673,0.862024277364428,0.855944605603611,0.828644699328563,0.870367092967582,0.877950513174508,0.866841137934389,0.883551291129916,0.875405881506909,0.797091592141413,0.857718994687417,0.863504539750085,0.875379155033372,0.869802082097162,0.871166476757458,0.879407437447441,0.880052834340879,0.875934333067796,1,0.875269600817054,0.87311054093516,0.871485185482577,0.876316017534032,0.870839981109395,0.862359175192326,0.869118960234999,0.871668463574873,0.863311431192145
"SRR31542934",0.860722363290065,0.863188573637208,0.86696152970177,0.868864663703612,0.873735374548457,0.868431324038627,0.844621350139844,0.856494393860432,0.863384235645792,0.863284935467207,0.860758559822315,0.869450770666663,0.833378654248819,0.879006450093218,0.867437341366532,0.870979657157927,0.837142175158661,0.871877997495235,0.874312157288282,0.870591959655881,0.87641011290747,0.87706154120883,0.798590249101817,0.867022928919056,0.868070352421044,0.874487620769287,0.873976698977954,0.871982734247124,0.881233275569088,0.878166673925023,0.879124122253177,0.875269600817054,1,0.875521483406076,0.875334490449172,0.876206970410905,0.871508485033686,0.867081554221463,0.871361549100946,0.874167392144754,0.870877810910934
"SRR31542933",0.865484092538975,0.866305170129558,0.874124873874093,0.875053605532648,0.881006743241908,0.873271649958809,0.854397320546011,0.865732990185109,0.864967187316416,0.868486516649599,0.862461612753672,0.875103009260507,0.844305670679987,0.875401293025089,0.872459520149515,0.864051042250658,0.842577763189327,0.87545746827618,0.876442521757267,0.873677146008659,0.877087838361557,0.876501801497115,0.807896728141861,0.869818371062819,0.871377778297229,0.87612305170575,0.876282872219131,0.872723439937685,0.880975319282788,0.879158636457652,0.882788282238933,0.87311054093516,0.875521483406076,1,0.877234668593803,0.882226344505645,0.876394724462645,0.870575535969445,0.877074949463486,0.876702751279072,0.875496215809669
"SRR31542932",0.863592742532905,0.859614584964521,0.867510506979313,0.868499966735412,0.873334138962872,0.862323006635151,0.843755404365885,0.858787265917066,0.856577779906575,0.86441075709265,0.851820866339988,0.864784175858921,0.831990590588296,0.871262806249113,0.864801479655944,0.863634644761203,0.830174746241601,0.868960434635248,0.871408676183758,0.877831126488382,0.869534551085103,0.873051560626648,0.801759049335543,0.866386424591555,0.858394645677182,0.87139032473208,0.872135394885155,0.866396955604665,0.879667951855068,0.875916034050733,0.873969304921698,0.871485185482577,0.875334490449172,0.877234668593803,1,0.87473983629545,0.874927082958686,0.867594356291539,0.870723098611357,0.874076097988434,0.873479991554765
"SRR31542931",0.867827052173239,0.872276070096531,0.879528776414375,0.881065348257711,0.883695128114175,0.876832658390383,0.861735065509686,0.871480541898018,0.870637907600347,0.872835247399591,0.862967197651716,0.880171913699844,0.851040995928658,0.875049069413988,0.872222256197076,0.863211788976033,0.842027356443281,0.876907160482304,0.875189081404402,0.874072067654622,0.876747547595425,0.874367714276076,0.808643853489742,0.866980403231283,0.867032260259911,0.877170957970277,0.87524675872537,0.871446180358205,0.880775799946957,0.88059539848388,0.882458484346816,0.876316017534032,0.876206970410905,0.882226344505645,0.87473983629545,1,0.877840679622809,0.875211454896116,0.879443020790609,0.879081915231582,0.877006531636571
"SRR31542930",0.867254777836138,0.864219461327423,0.87729250123792,0.878623086664251,0.879187637491136,0.871918200951362,0.850812604149079,0.86588089596784,0.86805911356252,0.87750597221088,0.863850269776651,0.876009457552063,0.840024318009392,0.873874810174636,0.869937861201448,0.86346127395482,0.838508201836909,0.876396992343602,0.876408706358444,0.876833520029815,0.875923848383925,0.879206449675822,0.806745288564543,0.86998224865334,0.867631857562634,0.879561126095253,0.875045846379898,0.873264343748148,0.880420164407491,0.881565858027043,0.877566360906373,0.870839981109395,0.871508485033686,0.876394724462645,0.874927082958686,0.877840679622809,1,0.879533673783275,0.885982400626588,0.87853484456908,0.877299331381784
"SRR31542929",0.856637340670881,0.868857433359517,0.878160949912433,0.872872130706917,0.872442863833196,0.87668017509139,0.857258545392575,0.871982396132744,0.86832293398491,0.869339998538397,0.872928973145971,0.87390688969859,0.850234070080596,0.865172276404545,0.875682959067536,0.865091921191295,0.850583287005602,0.87624536615379,0.868307050228693,0.862186808700228,0.867230032546272,0.868371399933158,0.812690604386132,0.872213584661511,0.870159030712596,0.875479321128778,0.87740158215646,0.871773413162921,0.868966177337587,0.872418442512524,0.873771450646275,0.862359175192326,0.867081554221463,0.870575535969445,0.867594356291539,0.875211454896116,0.879533673783275,1,0.883933513872235,0.876822369098862,0.877029892930693
"SRR31542928",0.86389584070647,0.870539583941831,0.878895059323835,0.87761487210252,0.877359888339014,0.877267373672398,0.855411385429654,0.866126219745294,0.869755475644452,0.874697100547187,0.86878531246104,0.877442869790872,0.850619433804832,0.871396019839127,0.871277426215039,0.865087457511209,0.847244049507783,0.879633964768378,0.87462971593059,0.871622073207549,0.872331526095167,0.874779480324366,0.811073725365384,0.87371976970649,0.871352937226298,0.881942003021583,0.876975882112703,0.876674918886978,0.8762532066846,0.878377725273057,0.878553781043467,0.869118960234999,0.871361549100946,0.877074949463486,0.870723098611357,0.879443020790609,0.885982400626588,0.883933513872235,1,0.875438461240856,0.876866298249168
"SRR31542927",0.865619333329242,0.868031880287338,0.87380725664101,0.874816535721046,0.87918171790168,0.876173570867685,0.854996201375569,0.869285242861462,0.865936406409333,0.865245363160091,0.867312097353791,0.874374274645161,0.842736581693321,0.874415007557315,0.874414638765199,0.864348271290011,0.841646663402888,0.872091396217645,0.872027432057548,0.869274683907983,0.876162994468684,0.872816168016943,0.804085921642867,0.866691712867006,0.868649787009024,0.871730311330009,0.875852008705303,0.868482840280574,0.877172055942552,0.879135044484828,0.880053045134911,0.871668463574873,0.874167392144754,0.876702751279072,0.874076097988434,0.879081915231582,0.87853484456908,0.876822369098862,0.875438461240856,1,0.878685782740561
"SRR31542926",0.857354785118247,0.860973305145347,0.872151191816696,0.869323228952911,0.871932079251993,0.870020812867432,0.848474993375595,0.864268255018709,0.860955763221719,0.865965010819369,0.861282398833297,0.867982206812124,0.842798762251724,0.869314114923486,0.87328639793289,0.864268834548956,0.843315540530843,0.871530650224729,0.866570137917639,0.870775826778845,0.868737039304988,0.870302310227437,0.812214312518204,0.871158991132723,0.866673657395639,0.872229441324995,0.875950152281142,0.867356893350489,0.875448704802837,0.874141634446293,0.87991706950631,0.863311431192145,0.870877810910934,0.875496215809669,0.873479991554765,0.877006531636571,0.877299331381784,0.877029892930693,0.876866298249168,0.878685782740561,1
