"cohort","program","n","spearman_rho","p","ci_low","ci_high","source"
"GSE206848","general_inflammation",7,0,1,NA,NA,"previous_frozen_OA_analysis"
"GSE206848","mhc_ii_apc_primary",7,-0.214285714285714,0.644511581020721,NA,NA,"previous_frozen_OA_analysis"
"GSE206848","mhc_ii_apc_generic",7,-0.178571428571429,0.701657942516273,NA,NA,"previous_frozen_OA_analysis"
"GSE206848","t_cell_context",7,0.214285714285714,0.64451158102072,NA,NA,"previous_frozen_OA_analysis"
"GSE206848","b_cell_context",7,0.321428571428571,0.482072038299678,NA,NA,"previous_frozen_OA_analysis"
"GSE206848","myeloid_context",7,0.642857142857143,0.119392373427411,NA,NA,"previous_frozen_OA_analysis"
"GSE206848","interferon_state",7,0.214285714285714,0.64451158102072,NA,NA,"previous_frozen_OA_analysis"
"GSE206848","fibroblast_ecm",7,0.428571428571428,0.337368311085824,NA,NA,"previous_frozen_OA_analysis"
"GSE206848","osteoclast_context",7,0.571428571428571,0.180201988911528,NA,NA,"previous_frozen_OA_analysis"
"GSE55235","general_inflammation",10,-0.187878787878788,0.603217610029209,NA,NA,"previous_frozen_OA_analysis"
"GSE55235","mhc_ii_apc_primary",10,0.854545454545454,0.00163680331598671,NA,NA,"previous_frozen_OA_analysis"
"GSE55235","mhc_ii_apc_generic",10,0.793939393939394,0.00609992331369691,NA,NA,"previous_frozen_OA_analysis"
"GSE55235","t_cell_context",10,-0.648484848484848,0.0425401276844894,NA,NA,"previous_frozen_OA_analysis"
"GSE55235","b_cell_context",10,0.442424242424242,0.200422686711942,NA,NA,"previous_frozen_OA_analysis"
"GSE55235","myeloid_context",10,0.83030303030303,0.00294022702327952,NA,NA,"previous_frozen_OA_analysis"
"GSE55235","interferon_state",10,0.0666666666666667,0.854813088248743,NA,NA,"previous_frozen_OA_analysis"
"GSE55235","fibroblast_ecm",10,0.0181818181818182,0.960240418128624,NA,NA,"previous_frozen_OA_analysis"
"GSE55235","osteoclast_context",10,-0.127272727272727,0.72605701476279,NA,NA,"previous_frozen_OA_analysis"
"GSE55457","general_inflammation",10,0.0787878787878788,0.828717394697461,NA,NA,"previous_frozen_OA_analysis"
"GSE55457","mhc_ii_apc_primary",10,0.0909090909090909,0.802771731207162,NA,NA,"previous_frozen_OA_analysis"
"GSE55457","mhc_ii_apc_generic",10,-0.0545454545454545,0.881036181161853,NA,NA,"previous_frozen_OA_analysis"
"GSE55457","t_cell_context",10,-0.442424242424242,0.200422686711942,NA,NA,"previous_frozen_OA_analysis"
"GSE55457","b_cell_context",10,-0.490909090909091,0.149655673420837,NA,NA,"previous_frozen_OA_analysis"
"GSE55457","myeloid_context",10,0.163636363636364,0.651477342796243,NA,NA,"previous_frozen_OA_analysis"
"GSE55457","interferon_state",10,-0.248484848484848,0.488776304519243,NA,NA,"previous_frozen_OA_analysis"
"GSE55457","fibroblast_ecm",10,0.466666666666667,0.173938597165066,NA,NA,"previous_frozen_OA_analysis"
"GSE55457","osteoclast_context",10,-0.236363636363636,0.5108853175152,NA,NA,"previous_frozen_OA_analysis"
"GSE55584","general_inflammation",6,0.485714285714286,0.328723032069971,NA,NA,"previous_frozen_OA_analysis"
"GSE55584","mhc_ii_apc_primary",6,0.257142857142857,0.622787172011662,NA,NA,"previous_frozen_OA_analysis"
"GSE55584","mhc_ii_apc_generic",6,0.257142857142857,0.622787172011662,NA,NA,"previous_frozen_OA_analysis"
"GSE55584","t_cell_context",6,0.0285714285714286,0.957154518950437,NA,NA,"previous_frozen_OA_analysis"
"GSE55584","b_cell_context",6,0.0285714285714286,0.957154518950437,NA,NA,"previous_frozen_OA_analysis"
"GSE55584","myeloid_context",6,0.6,0.208,NA,NA,"previous_frozen_OA_analysis"
"GSE55584","interferon_state",6,-0.314285714285714,0.544093294460641,NA,NA,"previous_frozen_OA_analysis"
"GSE55584","fibroblast_ecm",6,-0.828571428571429,0.0415626822157434,NA,NA,"previous_frozen_OA_analysis"
"GSE55584","osteoclast_context",6,-0.2,0.704,NA,NA,"previous_frozen_OA_analysis"
"GSE82107","general_inflammation",10,0.224242424242424,0.533400561272595,NA,NA,"previous_frozen_OA_analysis"
"GSE82107","mhc_ii_apc_primary",10,0.127272727272727,0.72605701476279,NA,NA,"previous_frozen_OA_analysis"
"GSE82107","mhc_ii_apc_generic",10,0.103030303030303,0.77699846344389,NA,NA,"previous_frozen_OA_analysis"
"GSE82107","t_cell_context",10,-0.393939393939394,0.259997766834888,NA,NA,"previous_frozen_OA_analysis"
"GSE82107","b_cell_context",10,0.0666666666666667,0.854813088248743,NA,NA,"previous_frozen_OA_analysis"
"GSE82107","myeloid_context",10,-0.0303030303030303,0.933772958094147,NA,NA,"previous_frozen_OA_analysis"
"GSE82107","interferon_state",10,-0.0787878787878788,0.828717394697461,NA,NA,"previous_frozen_OA_analysis"
"GSE82107","fibroblast_ecm",10,0.212121212121212,0.55630577510293,NA,NA,"previous_frozen_OA_analysis"
"GSE82107","osteoclast_context",10,0.115151515151515,0.751419652325849,NA,NA,"previous_frozen_OA_analysis"
"GSE89408","general_inflammation",22,0.271597967250141,0.221445902829315,NA,NA,"previous_frozen_OA_analysis"
"GSE89408","mhc_ii_apc_primary",22,0.470355731225297,0.0271683103207967,NA,NA,"previous_frozen_OA_analysis"
"GSE89408","mhc_ii_apc_generic",22,0.47261434217956,0.0263399945351111,NA,NA,"previous_frozen_OA_analysis"
"GSE89408","t_cell_context",22,-0.0434782608695652,0.847650135679784,NA,NA,"previous_frozen_OA_analysis"
"GSE89408","b_cell_context",22,0.272727272727273,0.219455077884077,NA,NA,"previous_frozen_OA_analysis"
"GSE89408","myeloid_context",22,0.822699040090345,2.60625127064292e-06,NA,NA,"previous_frozen_OA_analysis"
"GSE89408","interferon_state",22,0.662337662337662,0.000784118790099196,NA,NA,"previous_frozen_OA_analysis"
"GSE89408","fibroblast_ecm",22,-0.182382834556748,0.416582634540251,NA,NA,"previous_frozen_OA_analysis"
"GSE89408","osteoclast_context",22,-0.10446075663467,0.64362714704075,NA,NA,"previous_frozen_OA_analysis"
"GSE283079","general_inflammation",36,0.328185328185328,0.0506866383772388,-0.00866475524928494,0.589576466896333,"new_independent_validation"
"GSE283079","mhc_ii_apc_primary",36,0.0913770913770914,0.596094978060151,-0.234884437043361,0.398256738709224,"new_independent_validation"
"GSE283079","mhc_ii_apc_generic",36,0.0774774774774775,0.653334160267136,-0.239499871859886,0.391342245328782,"new_independent_validation"
"GSE283079","t_cell_context",36,-0.358558558558559,0.0317611781877347,-0.623090768583055,-0.0450792680793019,"new_independent_validation"
"GSE283079","b_cell_context",36,-0.178893178893179,0.296518156699618,-0.47154640233704,0.159973291973819,"new_independent_validation"
"GSE283079","myeloid_context",36,0.273101673101673,0.107052201989157,-0.0488765047485331,0.54872338411861,"new_independent_validation"
"GSE283079","interferon_state",36,0.27001287001287,0.111240007970903,-0.0187125808950301,0.524413516192817,"new_independent_validation"
"GSE283079","fibroblast_ecm",36,0.0234234234234234,0.892138249008272,-0.24910541607014,0.296878630442435,"new_independent_validation"
"GSE283079","osteoclast_context",36,0.0213642213642214,0.901572287536875,-0.285885759973527,0.324274226032157,"new_independent_validation"
